temperature,vibration,pressure,runtime_hours,error_code_count,failure
42.472407130841745,1.8513292883861965,48.31939786151342,3363.5149710444903,9,0
77.04285838459498,5.419009473783581,47.28851593503999,3983.4069859568617,4,1
63.919636508684306,8.729458358764083,93.43782063647257,1252.339493962495,19,1
55.919509051822196,7.322248864095612,47.46823398946543,3124.3704980349944,19,0
29.36111842654619,8.065611478614498,49.03648082900417,2858.7299157187435,5,1
29.35967122017216,6.587833667107174,83.15787836925746,4164.151883941356,3,1
23.485016730091967,6.922765645178525,61.481788971537796,4530.435302406303,1,1
71.97056874649611,8.491956515653193,84.36973898686269,60.78385738693404,15,1
56.06690070459253,2.4966800885918596,34.575631029506965,3370.0995952939634,17,0
62.48435466776273,4.894249636431405,64.12998355713691,259.1789955986451,4,0
21.23506965774815,2.2120944181960223,32.35295201282978,2744.2933253867795,3,0
78.19459112971967,9.87668007996647,34.38572424187482,1438.163645218391,12,1
69.94655844802531,9.440593396866133,93.45062173410876,1533.882997610706,18,1
32.74034664069657,0.394268113685059,39.74717597823166,1764.792517261783,1,0
30.909498032426036,7.055751725156885,67.2694477592652,3106.4622452480507,12,0
31.00427059120603,9.252483174156659,58.77669218204946,1670.249828343846,10,1
38.254534577572265,1.8057534512733353,54.31403283811899,3663.495252951402,3,0
51.48538589793427,5.679452305526294,92.98833419810907,2022.6369278693485,19,1
45.916701118526944,9.154882975880419,31.527637774284266,341.7660015497931,19,1
37.47374841188251,0.3394597858579884,76.46527803229124,3918.799212420536,14,0
56.71117368334277,6.974202672468399,97.43761039494854,1428.79162296353,3,1
28.36963163912251,2.9734900737255074,69.21177284232894,2163.8343979963133,8,0
37.528678912113094,9.243961953765304,95.57757234231643,3427.2194161095076,6,1
41.9817105976215,9.710582451653679,33.65805155002166,1662.28078574356,18,1
47.364199053022155,9.442664891134338,59.31553233519129,282.9282807335781,18,1
67.11055768358082,4.742142166574638,48.21104536734358,1869.605235064068,5,1
31.980426929501583,8.620426509893134,81.15746754865108,4722.242913471518,5,1
50.8540663048167,8.445493985350703,98.69079633480726,3208.671986492791,19,1
55.54487413172255,3.1910047324325563,47.957104371097344,3357.3957433360347,14,0
22.787024763199863,8.289154741506774,75.79222210318521,3161.410768188199,14,1
56.4526911140863,0.3700763471549262,43.86683429318181,994.9606947971839,19,0
30.23144742123749,5.96269878482053,69.5731178200127,2091.6693205114007,8,0
23.903095579116773,2.3000883728770303,62.47527406818353,3754.6989918165914,3,0
76.93313223519999,1.205668857772788,98.0403730742076,506.86448776579573,17,1
77.93792198447356,0.7695320162920916,72.59690908875265,1389.2638804485614,17,1
68.50384088698766,6.962887758781397,54.46544604607732,1381.595542329268,4,1
38.27682615040224,3.3987496376806616,37.986704942155335,2160.09463797253,19,0
25.86032684038303,7.247667715287615,40.58727801144542,4901.8437047109255,10,1
61.053981590729414,0.6535634079894237,45.772185096586455,337.5127334191097,4,0
46.40914962437608,3.152903378306103,47.567666293820864,2593.5049719029753,3,0
27.32229409068673,5.394912923753372,89.54312404887965,896.8234100610523,11,1
49.71061460667621,7.907231648389636,69.28559517977675,4853.382727048721,1,1
22.063311266913104,3.187525029320699,66.63736379620565,566.517523637321,12,0
74.55922412472692,6.2589137643700905,38.033821030845225,2018.0050118079562,9,1
35.52679889600101,8.85977748236187,90.20977853446044,3689.424924173031,8,1
59.75133706123892,6.158631881823045,80.59700122459387,3522.7721401372264,9,0
38.70266456536466,2.329594747536338,34.736785333000114,2113.6431844696613,6,0
51.20408127066865,0.2440078155653802,79.5484568060838,1732.6208397635912,3,0
52.80261676059678,8.700988739009299,68.04767521398523,1988.061892764353,18,1
31.091267331531622,0.21269410850387138,35.72077420227448,1321.3813157931963,9,0
78.17507766587352,8.747016726841995,62.08104490700595,1026.664693533999,2,1
66.50796940166687,5.28937134027212,63.92874009910329,2415.19848779445,18,1
76.36993649385136,9.390676985128962,41.6042178114293,1342.6687803380366,1,1
73.68964102565893,7.987832357736654,96.19887029001976,1437.3083244862505,19,1
55.87399872866511,9.979341105333376,89.49827600364634,3283.7803173727852,9,1
75.312454101387,3.5071181545171015,76.83156361303759,4842.686658499461,1,1
25.30955012311517,7.671882889311269,62.360689270042506,3018.1860027968755,1,0
31.758971745148713,4.019309136092422,58.82358791091559,384.8973353248314,16,0
22.713637334632285,4.798756203039089,75.5681427005668,377.9180692703349,15,0
39.519819845795865,6.275054632183701,68.18023085848338,4757.11610422783,15,1
43.320637381368925,8.736771141863388,34.359117411731994,1486.4539515366682,13,1
36.28094190643375,9.840834691992951,65.87518541392322,460.33493041237716,6,1
69.72425054911577,7.682734138645182,86.44825320629877,2995.2229357519077,10,1
41.40519960161536,4.177667821673338,62.146791431787065,3118.2438914513305,0,0
36.85607058124285,4.213570022770702,33.63696042879879,3242.524100593441,10,0
52.56176498949491,7.375823015888915,85.03947395688232,1337.0101392877066,3,1
28.45545349848576,2.3877714576830233,44.09546474951821,75.55342107237517,6,0
68.13181884524238,1.1047411313139466,48.10345844216272,4825.076847272359,14,1
24.473038620786248,3.546221576407765,41.529444740260715,1254.4652284555125,17,0
79.21321619603104,2.8723899165408175,53.115054541004824,3380.1314402627377,11,1
66.33468615779944,2.963081204559901,82.97260539820445,3533.1493493935477,16,1
31.922940892050345,2.3360775104990994,66.35701016527561,3050.0370853974287,0,0
20.331327027416144,0.42093189636361883,44.34168919054988,1564.536971068241,10,0
68.92768570729005,0.1787393473341381,91.44810547064286,1355.4812688203288,0,1
62.41144063085703,9.877223897360315,91.57072984660704,2988.3414135135154,14,1
63.74043008245924,4.277731337358624,90.94048975322048,4330.478168058457,9,1
66.27622080115674,3.8432664715968166,46.71573479670775,4733.668644616978,6,1
24.44267910404542,6.796472826930699,61.58675409266917,529.5290220187882,1,0
41.507943712656356,2.1825388786506417,98.94927592986126,774.1430629885992,9,1
26.952143571507783,9.499611839502254,84.04087334169932,4723.681293915398,3,1
71.78620555253562,7.863450144155521,31.901719485789187,3682.676141673963,11,1
57.39788760965347,0.8941100231225951,34.56432138823445,4414.969124148865,18,1
39.85388149115895,4.175807757849284,62.475196376863295,1013.1631706767158,10,0
23.813501017161418,8.791183075621646,93.64541441030921,2937.9293555470094,7,1
38.65893930293973,9.447320222914103,67.70912585669,3505.6979720873683,17,1
39.51099932160482,4.674015112498697,64.84687556240031,3400.559427234863,10,0
63.77637070028384,6.134113892107077,37.38315899696414,2040.7584543334906,10,0
58.253448281312785,1.6703394609207523,75.9746073307006,76.97445845654238,12,0
73.23276455457959,9.911686261369766,87.54722124201578,2914.6302840213157,2,1
48.33289550971696,2.3167170138344337,56.62940052552936,1265.5076958980437,11,0
27.1756547562981,9.427317741351256,84.29282956477292,2251.2712307144516,2,1
62.7946872333797,6.496466489923685,97.51336577305682,4787.905075419087,9,1
65.64710291701385,6.077367948788591,44.26365213893824,1995.1765882121736,16,1
53.67663185416978,5.126885110165086,66.63307418363189,4199.008033322134,1,1
66.25803079727366,2.3066981171775867,50.09965706592028,942.7030287462557,16,1
49.62773578186344,1.7652803200550826,85.49980933236876,3362.3024901251442,15,1
51.363969762919645,2.2048620907017535,70.43153561168103,4885.034772194717,1,1
45.652461101512976,1.8643826214425452,74.42076922852127,509.46550436468397,19,0
21.52514760464571,7.795844735667533,85.85399117311258,41.599711135960064,5,1
26.473485619598268,3.501252591667301,57.71793308637184,2167.913963163072,9,0
21.885751141204054,0.5784267656339637,94.05630478849302,463.127415256836,9,1
58.184624675826825,9.691026301408113,67.3120207072298,3741.9217483811567,7,1
38.8613588645796,8.837858849634257,41.05683759847436,4572.743319242794,0,1
50.514241469882165,9.27752283195213,78.71293827181617,2170.104863543794,12,1
74.45398843556558,9.949078226464353,85.52829453067781,1293.5582107772047,8,1
34.9575337489325,1.738952492194873,52.173317394726865,2172.016595033049,9,0
44.62297538213778,3.9624201890265875,90.0025479899127,3617.2390892500052,14,1
65.33306831258292,7.582384757040913,93.43002783360365,45.270807901854894,4,1
33.72788992949735,6.960206180537922,49.38331411644663,2947.269947423486,15,0
24.618794589727578,1.5389590633985506,98.84650309006554,3066.4584244368953,12,1
37.38508717482608,8.158331249906178,39.84980696341309,3188.4412344796774,19,1
29.673277235240263,2.2444057183666066,44.141096788174295,1210.110399904386,17,0
75.78185914055439,2.2381761482262306,42.89573874666183,3570.263616890634,10,1
68.48722277386501,5.3697442289341355,92.57927970055093,456.957431658882,8,1
58.00422539062541,5.929399348417031,75.80047866274734,996.3516823340041,15,0
72.28763541126307,5.8008620783781115,40.6472998255591,4387.350233272409,1,1
68.22032461394687,0.9148683739775487,60.82263928578443,3693.615753632832,1,1
31.194203533162153,8.774608626303804,73.07086175488614,68.72777005672626,11,1
73.55353990939867,2.6560004258870604,35.84248594925683,1241.881301849001,7,1
52.36053451493904,1.2951492128280417,91.76914578851371,1072.032414965823,8,1
68.44640930984374,8.887480798689772,86.25224748090747,1354.031640184863,11,1
73.7654779954096,9.556514982297534,65.36447415036469,1237.7988513994321,8,1
39.08020849831183,8.621276172654506,97.69886306814193,312.6314787142287,9,1
26.603115471660605,8.09516074724878,59.24326854925698,2294.702582984102,1,1
33.6761097525165,6.552419806390217,98.88772233255484,3663.6673739308258,15,1
45.626467317575376,5.5085737060913935,76.7543999162539,3033.658623587182,19,0
69.08088595534959,0.8698675991141014,74.4269891277759,3364.358342990399,6,1
71.64383499538062,4.084532130706987,41.61684267070495,405.74589268119576,1,1
20.417127831871444,3.72688517012314,91.73494308132507,4757.453550883936,0,1
50.64483815465394,2.5975378376032623,59.92427815444306,4192.459169215124,18,1
45.04466018892674,7.234201136885849,41.35633840477355,4025.4515924783136,3,1
33.326468628243816,4.9587573507877085,30.88252639830313,4114.919025208837,1,1
27.19192204002097,0.8104621590764793,69.18289785468679,4663.552540663807,13,1
40.25691028421768,2.2018320194981134,66.91797354858734,2721.2698305684885,1,0
76.57458223475115,6.832587636595959,80.3547535658411,1001.4100893381295,14,1
39.39217592124531,0.7613085949030018,92.31806371124614,3083.918039262706,11,1
51.12743730460197,8.512069140487688,35.558460925012064,3714.407468339695,4,1
62.18113753371067,4.951465270139743,81.20475432382537,3689.5869667701268,19,0
41.81777614275764,4.80586577326648,43.118836086830754,2607.2451208344005,6,0
78.30692496325764,5.924077846595176,90.07239372100148,342.29359666789026,9,1
77.74683769652668,8.246809659251491,87.33444597031593,1855.564692150639,13,1
35.10693774952185,3.4780920790219305,67.85556284898811,4603.833042316786,13,1
49.83491035354312,6.780161525590636,79.71699590363181,2922.24454878713,4,0
38.052698589006184,5.657319639957911,52.00450792286239,2691.659716278567,17,0
37.090429662648056,2.6702827016942132,62.98175292529702,1344.2675719109675,13,0
22.21321684127197,8.78629986355158,87.51458283973301,1842.2445995828946,1,1
56.57386003879381,7.974260216069281,62.148563802124976,4476.7304457658465,11,1
50.16074139373169,6.584518346584255,55.04587857278092,3332.3152376341786,5,0
23.08872507499936,8.505817290942419,64.59487130752099,3936.9351337616645,3,1
36.71878785419669,8.672942009598025,87.97744767060529,2271.727115338276,12,1
74.49595315799922,7.083629767150348,53.46456331596109,3151.2360972807896,3,1
34.37371344001835,8.37013328363672,42.16331151950207,1241.9180437160376,13,1
28.693692325473386,6.974714616692836,79.84098142315466,3527.3041514174315,15,0
49.36716561665378,6.801407717603004,87.81847488956572,2138.0066685166867,3,1
79.13902724663603,6.186113782151843,37.04462349664733,2212.7275740737277,0,1
34.523316290690026,7.527166395576412,46.79118789291613,3246.6116228844085,12,0
60.328132844352716,1.586051052930737,39.938039283269575,4681.403107344633,3,1
65.69717691972306,8.808707591989284,54.35589881075167,320.0317330431046,19,1
34.25825263954398,8.71843527745232,61.52456852337889,4123.716186735038,17,1
63.692980916711576,0.29247283034559146,82.41784358743146,1461.9155520609656,5,0
42.06698796315519,8.258167505647627,75.5803309417172,2219.5972725318893,2,1
57.938349835614765,1.288698674734452,73.46499972349018,109.56664387504478,12,0
58.01178264565368,3.351188542591419,54.66624626267581,1505.230389171565,15,0
52.14648104448551,7.435082562916078,88.9013287159332,2513.1562131506525,4,1
25.4173862032645,1.607598960483082,62.99010171787152,280.88038673719507,3,0
70.11814973535428,8.179670241190621,98.53734566106081,2455.4786469158257,7,1
39.24680389830415,8.32134177957742,74.38994968070158,4635.5531442921365,18,1
31.191110623991253,5.074677337608362,38.83853190951519,526.9660905390261,13,0
22.446508493285833,0.0638587171683358,77.33242934528039,3822.203640377522,6,0
55.45357659129451,2.870381331749128,52.75728108021893,2048.355266879963,13,0
60.653861710536944,6.169269183757422,78.04290376802682,3275.86857262169,5,0
20.995269735671368,9.811861780274235,34.874880371368405,1301.1829899261468,11,1
50.72558349795686,6.3181352701666835,42.24170060231716,797.4613127067914,15,0
33.58974651187628,2.5980358106415977,89.90160812340504,802.3130713561321,16,1
58.71036742456699,6.340057030996114,45.90256899164604,352.45972821572326,12,0
30.461985740299486,5.3998537971585545,88.5928787670058,928.2335245062151,13,1
61.456264286147956,7.798453951511436,49.54932619180873,3321.0969249448412,6,0
43.20412077803225,1.069806388269584,75.00173370410954,4408.453059217541,13,1
76.20379932420407,7.61027902502028,78.59054014568818,4070.628427955809,14,1
28.251256648759593,5.412665786761103,65.8858327201537,3425.6715493724205,11,0
40.46398106301551,9.629920038589946,51.37174736877119,552.1593170555134,16,1
26.808411274435343,3.418721660386861,44.88510634597673,1445.9372314797492,8,0
75.48161709671376,6.326218931339481,32.323254819369836,1549.0343766123449,14,1
72.64036120285886,9.320281055100175,51.27624808685067,1249.7847319881062,11,1
35.47649766290934,1.0250972799067926,75.72139533718982,2575.0282985486156,1,0
59.59904276205074,9.372284872364512,95.68133729139379,2677.769074398363,4,1
69.03333201207295,6.878857223008134,90.98431375841363,1784.429875855551,12,1
53.31204869596774,0.678370591051719,83.62453435747119,1768.94579368218,19,0
51.77903470136039,3.0096356694681625,85.19131402773091,4142.777989530407,7,1
34.5111374540271,7.081720886452816,76.54894324331967,3946.464241598428,13,0
25.586166068353954,0.673506014687717,48.220080029620206,1538.9791584037282,14,0
73.83294547719962,5.8217046017627325,93.50365214940808,4568.942219366297,10,1
74.02508342979982,3.4588305695295674,76.95126183340838,4764.0750850125305,0,1
57.986087436396076,6.209155177674771,69.2308441686308,1633.7127101502042,2,0
40.34178746292204,0.4574203381251285,37.769262844943675,1772.1247439652743,16,0
40.95257447675965,8.715368061523762,61.29388806644978,2528.1707671097943,18,1
63.557340732214364,9.734889691773969,62.22507898413484,4705.604062668368,13,1
73.82661559715463,9.688778552856915,90.5194526665869,4381.597165711558,7,1
73.22518545590704,7.496518317429247,68.2653754131452,512.839812917949,12,1
66.79253275145743,1.3008624013063197,56.62803842792867,1963.653716357081,19,1
58.52189876925726,7.582631959290226,98.37602299574615,2766.855948748859,2,1
25.04839789970293,0.2458691645880151,37.750441532842096,2515.6623627577,4,0
29.697722845676825,0.22123551528997254,59.578389981836125,969.3153396844634,8,0
73.91325131162475,3.2361021914954122,32.94172726199837,4294.083855840773,5,1
56.3857435795754,4.886431904046658,81.79328845368512,3384.7039149841867,1,0
20.55182309699778,7.704074178077932,94.26535865394054,4189.541874259018,12,1
26.088292571961926,6.832953766065052,49.60261306853426,4293.821396747361,4,1
59.81010614648335,4.459027063767484,90.08391737593846,3741.779268328699,7,1
20.30369503077312,2.736266662816659,50.45527613233284,2196.053006248587,0,0
29.648483085049918,9.971245001577111,93.75391131507406,3052.7337750771226,19,1
52.924027361995165,4.261813022359729,82.77733325177488,801.8270305987157,11,0
61.513711861561596,4.513870243296755,86.34347437890071,3368.2270873745383,10,1
59.11767557015603,1.6362382119166918,31.260458892031814,896.2662786964038,6,0
33.45615856763359,7.948095487499294,97.39672499518181,3469.7479525507842,14,1
62.73075328085215,6.936822257814886,80.86696944492263,1147.9908037698433,10,0
34.23494524980801,2.207696127887604,51.33257667702934,587.7565007510999,15,0
39.52398188955606,0.823810456158427,88.05762654011929,826.4224507147871,2,1
64.78948430708145,6.804993020747131,49.706483889045096,9.960676095351339,19,0
58.97797394283288,6.545112142811353,91.09276876962895,3593.698089267651,13,1
70.95340462965068,2.7325952699820935,37.880627328835594,3662.0052452918953,2,1
59.4567735380206,9.508635622504103,79.2580184222557,2574.6667495662973,0,1
54.098516200128294,1.5105789178090023,67.84889336514372,806.8140052769185,14,0
25.620486069685548,4.323348010426019,36.75741291368086,417.7716875534487,0,0
42.06294818356601,9.436159201675988,46.932567978118726,95.64483218643505,16,1
35.91214206090353,4.197273169261223,30.868282539412036,828.7408848261035,1,0
34.63937860274501,6.385259476640855,62.81375758251541,4454.277674915734,19,1
78.38063328514673,3.9759439796279428,51.08856825320002,1207.6842085084088,5,1
43.58586348000563,2.7421520234867005,71.88502390084312,1771.3566360860782,7,0
73.5227933106268,9.839776479598282,50.80664653960321,526.7274224066659,15,1
57.86831755983577,4.09334006315043,50.994337805488925,1111.8065237408514,18,0
67.6886782124989,8.940992036791345,82.02352391121224,2596.122853901026,0,1
50.15822558631153,2.299546058910862,33.36999851848474,3038.7634154782627,2,0
54.614233077581545,2.131047040250833,93.2026496634391,1226.7615708310552,2,1
49.55106162913184,0.3113408288451136,89.6584712073827,288.66079612558605,4,1
31.71457926788267,6.5166682537588505,76.74632782584845,1955.1643456369932,11,0
63.34712691569032,3.6852634372376114,71.52550990751689,1171.0168546316706,11,0
36.846341746451344,8.64358249839637,92.46117486977565,1097.7696161490096,19,1
21.45895798588723,4.732099066915572,42.97311256701001,4799.314013567277,12,1
58.72833775443007,9.681934279147217,35.527841353358,3081.50242962862,19,1
30.626640764422937,1.8552551570312115,46.76571189366767,2784.3922158604796,8,0
76.42751506117486,8.686231679556109,85.62047950901332,2078.8755176166096,6,1
77.23571462015525,7.765968527917417,32.42691867085383,2144.7216671507213,3,1
74.89186341322691,7.70921844644052,70.79647845584427,2704.5250191904042,18,1
42.20952201532666,8.447832281168877,99.6806261333917,3482.149035180536,18,1
20.927396991732046,7.610239909429989,89.89872656862775,3510.730480909147,5,1
75.69911375526353,6.262203216314154,66.50119823305127,858.4695385272478,12,1
45.69104889903886,1.3124487768238757,34.454863650064965,2500.563760383135,10,0
77.99928914262017,0.32526179491251916,88.1961460069997,2059.79047517051,12,1
77.81719862535516,9.208478478156868,71.92849557240473,4352.634831346921,12,1
71.1805673280416,6.166503145207381,38.04530979416968,3157.094606091882,19,1
37.66693352417514,7.965372909761763,36.570009937634936,2662.520332079909,14,0
43.105863716115515,4.815223515125501,93.67387736056148,576.9732108945868,12,1
71.06820029101141,1.1730818896239448,76.8440184056655,3028.1894466170575,10,1
39.01532030937666,1.2518579220255044,88.05007595217289,586.0195284011671,18,1
30.16956480116555,6.855652872289713,91.52852301975872,1686.0328778287603,7,1
53.40807574750101,4.303058948994627,70.02406464338256,714.2098240716593,19,0
76.16928644964686,2.005247267003367,66.22124462285288,3460.3682351218445,7,1
61.76178780049838,4.915945467414369,60.12991872246931,1031.260569180763,9,0
54.203670205361895,0.6420893707513409,52.18626114537835,1959.29686594013,15,0
25.830589626246113,5.819714019143988,60.42171726010982,4478.373888093894,18,1
56.90043360195018,2.6899340443509767,84.17157590111094,1021.5819169948514,10,0
79.4032310062558,7.975591006371881,72.1346401710592,2539.0253197938955,12,1
28.405040914191442,3.1036195892357377,92.47663029683923,2096.35830583011,8,1
51.0997791418242,4.552201490818012,61.03660100654314,90.62020522864867,19,0
72.64238431567733,0.11620539908100636,72.49627051031278,3963.790567864064,18,1
64.44611706525227,0.7244688779455888,74.19152871643921,345.2295315729986,15,0
61.82094445971608,3.924935564066848,71.41880136144279,2371.275104884768,6,0
62.14904503922656,4.799388347171235,79.18436411598614,2803.39147469475,18,0
41.56946907318531,6.000205481193037,46.620342786236435,3142.1322830729355,11,0
37.6155106558696,2.9166257870930323,65.86546442820534,3443.158146539378,14,0
68.56166932871082,6.949818861265426,37.295736196584336,1266.3619176135753,13,1
68.60680368075084,8.601223971892045,56.91579293513688,49.89388329224687,10,1
72.02433911480622,7.7985098889334985,64.13669480348851,3617.21831177456,9,1
74.79443315338827,0.39618825348357145,75.65569816818308,2678.282996737893,10,1
50.68054393165627,4.805069472578289,96.53717368103425,4180.588516036244,5,1
50.090977681231976,1.0493017841817487,72.04557465838491,4106.9418145034715,1,1
67.89771073800651,2.4204501586252745,82.05157413235918,4216.630838939416,10,1
58.99783584666591,9.866625932671464,65.43862416466419,2425.4732998977006,18,1
62.1180126354622,1.4249554290151323,74.3872821963432,1668.1419791843282,5,0
67.74756016616607,4.988881534513561,34.96525512936414,3957.79101295685,13,1
73.40032050905398,6.181557343181191,47.807410658929285,2256.4705651462746,19,1
40.27970941109215,7.024649705441039,55.32971652435971,917.2109820171726,5,0
42.53497715839664,5.5964868348691414,63.07453485045595,4274.870097807372,16,1
25.638916390452138,0.09770847419183659,33.19541218516686,4412.799383861737,9,1
54.69680845977044,3.2646130824399187,39.80168682873224,2331.548780700851,0,0
22.156536427804525,5.1771164338471145,49.37700154539141,378.4986365489373,2,0
47.93588108794761,0.8786649914483335,98.00728836307354,1939.1304495846562,7,1
52.5586780824546,3.5062693120918076,53.19429049721356,4017.688297313017,7,1
37.192475127697065,0.33203108791366565,63.742874067845776,4508.8701427311435,19,1
55.44999563414065,0.7857849715502074,43.726839891687504,1017.3637124879792,14,0
21.830014996342967,3.9692327620159604,72.75460497530378,334.8680601263576,6,0
22.240891324952866,1.3271575404306035,49.6478250861182,4386.752265664193,10,1
69.3560336395795,5.675408482615581,44.48948049068987,1947.0246948943764,6,1
41.61143848467577,6.894649691372657,66.16008399121853,2708.8048213378165,3,0
27.623630759113087,8.005866991090828,30.385405941229457,4840.3290602537945,11,1
51.334595603288264,2.0015024424481007,30.53648228544577,332.82363957111426,5,0
66.19961318591665,1.6748258225906976,45.33481663713005,3241.590037260478,13,1
32.949261649810595,1.0456784033440025,32.57049537505748,370.5271128743354,11,0
57.373428549140016,6.364302495436367,37.561802789148395,1877.344642332502,10,0
25.120847899626078,7.064757264869011,53.72024545371261,4019.072725967234,18,1
23.10090327011646,0.3158614482564204,86.1809975705869,2167.361163778172,4,1
51.88127789408888,9.362122462436899,70.04340503585107,4985.911769514752,13,1
52.43810729660639,0.5197128365147241,65.88674081694916,2795.296424733011,15,0
58.24579408989239,5.412963353010705,50.54421762456852,1605.8107631797675,12,0
63.56548002335969,7.090605194509164,95.22276036029714,1100.5566295237657,19,1
78.55112476775207,8.709691237460856,57.79105288660342,1752.602671430809,3,1
50.97802089807172,7.140869321324278,36.096493675704004,1862.666368797754,10,0
39.377388376474755,8.017280830697919,73.1946561282461,343.56838861980486,16,1
67.71117168612221,3.3945019254280604,37.9686875433621,1847.8709971338658,6,1
36.24993507572445,8.148251137465122,54.165619996118444,2321.1925986961246,13,1
46.338285242338166,0.8011484638467514,65.51883571024662,3613.6887611940233,10,0
24.70738288053596,8.948166560605276,91.1955767279623,3283.64742360804,8,1
21.52104460492745,5.475923761537363,64.5482606238083,3543.8282761457713,12,0
77.7589048806755,8.172977699624937,79.15811362221649,41.818409384285495,17,1
70.15880723073235,4.523182845183001,99.49717872993493,1088.3369979026802,10,1
61.75845236562188,6.4357769519652495,39.20423839285871,3308.4214419992823,14,0
44.53717666485619,5.264026609361132,49.231206786366364,2419.946840898736,18,0
30.397659204250747,7.315895217553319,57.62032529183524,26.56737834172973,0,0
29.38622256026516,0.8162998203058958,59.527972497718196,4022.473212159112,3,1
35.01457388987572,0.603520839905638,58.771475268588205,3864.047866451687,13,0
52.95359988236723,2.4710323401014644,93.53277017895884,2742.095814967813,13,1
62.87575536200374,1.5954468011318834,79.98228511267996,332.3166288813606,2,0
59.61184260306388,8.717835665922017,72.55336498634927,3832.575247662923,16,1
36.79603381675657,2.192139873580443,51.65609025039475,2918.56793865682,2,0
77.29191683979164,9.758652558191313,87.66532689549064,3909.799885789796,15,1
64.2738150017461,3.3689579177110685,96.85423580394922,3758.734961979202,13,1
53.26124315068404,1.8211791568869928,87.48387977851586,4015.0103597891857,19,1
56.70324477406113,7.896985071424791,30.109557363403102,2590.040332023124,12,0
45.176003745667394,6.587077755008761,74.54809591283849,701.622590967575,14,0
34.86385937006945,4.98195716453139,33.57947670094705,3355.7873668984435,13,0
41.35836071907569,5.553635509376313,48.03250542336053,3102.368925259853,18,0
65.47076662786215,7.192017782722639,34.16672902434402,3711.265935995436,5,1
20.863609317785354,2.2845474133129873,72.26568170645714,849.4050302536765,9,0
26.964358430414975,9.963339160567418,78.06129394448247,974.8759995014461,14,1
22.760158521305165,9.747931621467831,38.01413466461336,4452.047586096643,19,1
22.44372813913821,6.503256863469369,56.86872181314857,3749.888992260354,5,0
71.32763504066043,1.9954245092914513,61.93655562688794,4541.142443501614,9,1
62.219471562801424,6.802282424312914,55.83371152326416,3793.5766058196036,6,0
48.45042974523951,0.7219840897917584,38.47175003396352,2985.7765299515095,16,0
25.87004963906009,0.30652502205806065,59.326345313123284,3270.663685139368,17,0
49.49695250700994,2.576828885112137,82.58246334658926,4445.6396197000495,16,1
48.408306246833945,4.626229567393163,34.970536517327886,2894.033772559703,8,0
30.392112194600912,8.682725054083805,35.61260098573324,3161.956621641937,9,1
46.03109895427838,7.271690697663081,54.833990428518895,782.3835800180029,9,0
43.91028406384241,7.42706521199981,95.92079981332475,2369.6061005805136,6,1
56.951005883132986,4.2549333444807536,76.80008527060399,3581.985559790495,15,0
58.10561905205863,3.4593499254696294,77.50689696707954,1354.7134915818272,17,0
22.718240586322672,3.7103876298460268,55.33439935865054,1011.2709026226746,5,0
42.47675687758827,9.876495637360579,71.55625538459769,1569.1340411220779,19,1
57.55159494285418,0.4010919141248248,30.709182881942038,1207.5031399641673,0,0
50.188175514805266,8.670314961224486,74.52672324866796,1074.5631851819792,0,1
71.38939047129934,5.786754085723934,93.93008633033656,2124.254214340435,11,1
59.5216178971367,4.386154191895905,72.88014278413735,4539.192569417671,1,1
29.77606562488578,7.252576604151365,91.15890154264414,2535.2982336935916,3,1
24.234124844025793,4.866689414247029,80.67811388262658,939.6019040766151,16,0
58.54515669237894,8.734232380816605,38.43908914825832,384.85834690437036,3,1
21.59067863249731,9.007018640112586,93.17173151000893,3480.7807256896263,10,1
55.1465348764078,4.217209268734554,34.65106910490424,1913.993822181939,3,0
76.41381448549745,2.768277972350516,67.37772307834346,4109.154732926796,0,1
54.52845067255274,5.923503285933622,39.94959866554204,3297.553843203851,6,0
43.29019557239131,9.12363345616691,30.819462751163286,3981.2072527068426,17,1
58.59729310654119,2.106621890056666,59.54239820893473,1359.7301970922438,8,0
47.495173429491,6.229665835634828,50.652849535790935,3461.7946123052907,2,0
52.7370073589561,6.3156022009252055,64.02003456583222,1320.309923468594,7,0
76.48788852659152,7.33113022415281,70.40399207141856,4695.342397251458,18,1
43.16615826804646,1.315676851272598,33.061735061626315,3181.871407666872,3,0
77.67143382943485,7.158249646820885,38.610230658662196,1622.5590008767103,17,1
74.32103851736383,9.09032520665641,69.10496775152978,1347.5593114613632,19,1
31.747468087357788,1.7968310887024197,54.021714722086074,954.6329253582176,10,0
24.161678052509927,2.3754332492387764,81.04214412846136,3473.2047944686387,13,0
26.0466800826456,9.713950940416396,75.66041540143578,1093.5780649896365,17,1
21.093309539092985,1.8097695270948977,89.19230540929348,2976.5163296374453,15,1
25.6665776453557,8.543850933695792,78.47449786684578,1323.1751346267868,2,1
60.98040640498141,4.922778564480348,60.09517541731037,3309.844723969343,14,0
24.27131890761374,2.4723107440317706,77.10766356761027,4074.698642702696,3,1
39.138537817625675,8.707499012725114,49.276682197879296,3890.126215723266,4,1
70.69251865816727,4.453052550026655,51.44194491447489,3804.2566546539088,16,1
21.39631614414955,5.148173539296902,85.22896119445554,938.6120284612604,6,1
68.86810895533614,3.5923336939976567,61.24936614811075,441.92473492259353,15,1
36.911286486403995,5.9295085143492745,85.88662383628468,3494.744142436928,13,1
27.089889657299373,1.6352387258502277,87.56956615677949,1841.7360689717566,15,1
61.804229921849036,3.910815366517607,90.02936363628987,2161.7311320167364,6,1
57.73657080679304,9.694123223352875,94.16446650888452,155.74546396695533,8,1
72.64832081162318,2.5813343270112754,60.16896543593074,1297.882246375246,3,1
64.10426262823314,6.567366645412922,52.32067728247972,168.38201937232012,10,0
68.20885582309091,3.251900642246949,70.75391226158797,4395.928863006238,1,1
36.922074354278394,7.734731256866007,55.98206964063393,1216.9834160926523,11,0
30.646372626783368,1.3087366071834983,72.07519167601632,2786.68584786504,11,0
65.0368850984515,9.698210450785448,79.39101038506772,194.89660330565206,3,1
68.41008435603584,4.5378954138363925,78.18835129444957,3334.23695652829,17,1
79.4303085200404,2.3605046334646396,56.218702091408495,1615.1367287704693,6,1
44.757060614685585,0.7349674733001266,41.6802141189127,4489.595934788329,0,1
42.32108514756699,1.6975790508754074,60.13705369235453,4440.590944670179,12,1
66.58477764451982,5.197739485560176,39.981590085733615,1626.453091808739,5,1
40.448212415181075,3.3700317643128628,92.30679246286658,4504.804478452339,5,1
75.84543953621389,8.288833658826094,54.21142225165002,4980.788367493894,11,1
71.5047651105807,4.308875236618059,40.81218230563266,4127.07832061974,7,1
45.7396416425011,2.487142725876299,31.781343193402563,4224.356738776145,18,1
65.05226406748984,6.171449866040301,75.2075670400539,1245.0436805454497,4,1
65.27257244508094,7.067772168854458,74.58316222183203,2883.5119942887814,17,1
26.187432130155955,1.6704190790094986,53.84229166069042,336.27956983683924,4,0
74.15317440077399,1.6761921628831766,35.01983221933557,474.5896841083486,9,1
50.315142346871426,0.3667142693354297,58.674022642666245,4994.463060166453,0,1
69.5874479664645,7.364020150656405,51.78522465443755,1633.1962471295546,9,1
39.20297606183671,6.638045276218051,77.39844478145065,3740.919560244232,4,0
73.73139370977202,4.746308757498139,72.40454746168832,4033.325265134082,11,1
43.35210072404979,8.441704489691972,55.5215609738278,4290.116355036146,6,1
20.6502590888179,8.056701529500533,45.25247879784931,4988.141487010783,8,1
74.32291858515582,5.853543643967521,99.16251763089143,1207.4824262843392,11,1
25.477200607168015,8.682712805132587,61.780113483728044,201.75413429849854,0,1
39.15881825542489,2.0584121003676827,78.17919650461658,2055.95758997293,10,0
77.0037180230483,1.1191961939772788,39.838707730485254,650.4033491447348,14,1
77.03642881625336,2.697496115169896,63.991278976157844,112.12944581027561,1,1
54.40627328739717,0.5708685608931485,31.927570390862584,1802.1341357074305,19,0
57.91023273018796,5.31169528001032,65.3818582537315,3918.691255376182,6,0
46.90673131869919,9.366056922949614,97.48121849823916,2830.9034561253543,11,1
37.592646301883875,0.39343540668509647,56.89446990900602,1563.8899460517703,17,0
39.71987272219496,1.221099140100268,32.72972088024381,3271.7100274635986,2,0
60.35110736462231,4.521990282834353,32.16690536435405,1160.0909015440536,6,0
65.1424717662608,9.33875017527905,57.159073196280865,71.90723036042512,10,1
67.4947426235509,3.161561049767505,41.20174555242358,3821.7669321821368,17,1
67.37708856767324,5.072348086883924,31.634646742973015,3118.7154243200453,11,1
25.472366182921423,0.41572859050392097,82.93495297651238,3811.5131225048,5,0
49.66521828215489,1.4834320096208886,62.096610621732346,194.69008343832806,4,0
23.453525600998656,9.86630122958847,50.24713403808582,4185.598139153261,0,1
52.97173293942413,9.651186964360456,93.00582281115365,3097.631000181517,11,1
46.49183008240262,0.04939980934409616,38.12972721403679,2816.976753563201,10,0
73.26225096549798,9.51811785423239,96.91431802687235,3123.070240572658,3,1
41.05490075312472,6.391199378155004,51.977670216414694,4322.16623434182,17,1
27.02402098565635,8.679182945200221,92.18825706160769,2934.6825327945353,3,1
28.57950092317015,4.547398556338591,72.2060013535623,2904.7518994408965,16,0
65.69063790304833,5.155960285792503,87.86951518190412,4953.395785328829,1,1
57.09308379897566,4.888465802569202,98.8809214247325,3783.65083534284,1,1
26.067360567367416,6.668642575461043,50.1883806473122,2211.4690272556763,11,0
25.046408366899847,1.396512547563129,97.2794839785315,3536.9850001646387,5,1
62.0581478875472,0.2997358987267795,57.263732643169426,1946.1523584589424,9,0
24.36578038185161,3.079299415911909,56.98583333158456,1144.377312417495,15,0
69.31160355742136,7.0468076273664675,53.8270972978154,2984.259384438797,13,1
62.374533629389774,2.0185345212294834,67.89853251433097,4640.910490569758,6,1
24.880926838513986,6.734324333249173,40.790153022494096,4645.697600077314,18,1
25.090262845111514,9.699120461072704,68.75980397506078,1709.5263905274517,16,1
79.19837471007052,0.9390071578941839,67.91933686870027,2638.387331108475,8,1
42.45624774536722,6.726021182251262,83.3331268823409,1058.179492849306,12,0
42.23852882401346,4.437502193045711,88.35549733563099,4978.155547494417,4,1
68.76797403545015,8.681422543775053,60.83089452186968,4905.589539339679,4,1
76.83491464303152,1.771497894473859,51.16332745460456,3247.5446485372368,9,1
79.16006382937226,6.926259522261645,48.153442812196616,4022.070298387367,9,1
65.2026911155365,8.381152896481103,43.623668569341035,3575.5008064185,6,1
42.57557513185495,9.446142194740233,34.035330753931746,2965.791095197341,14,1
25.010043001920124,6.832480282896459,53.97135851842994,266.73998494448847,6,0
66.6288149556462,4.971747640084273,48.917338449154826,2273.821712763305,14,1
53.504254984148304,6.178472402012138,97.64921701064851,3373.931510837053,2,1
45.453320554818575,8.689049844787181,69.03961783750307,3387.658069418423,18,1
74.38126310568416,5.706097466388297,54.30939273213553,1865.613092111918,9,1
26.67184893836908,0.3038705969683686,70.63273206955873,4708.459933290153,14,1
49.55750625745155,9.309486955069778,39.74376909419868,836.785161183905,2,1
20.681218686045145,6.895267510315612,61.08306244415421,2501.797231077803,5,0
48.11963851964758,6.765133857772465,73.83640249947447,3454.419882754114,11,0
23.378196540910242,2.1567515239771717,64.2228482254716,3485.679029459046,14,0
27.129074976084315,6.5888547023265716,58.12451604580269,3243.194783844078,5,0
27.05157480662629,3.938644056541585,99.56938722297888,1376.4410672593008,12,1
58.95261812696381,6.512329770414921,91.62203335042489,781.0328434331099,18,1
64.7626927559254,1.0659303030799072,73.6384170711608,3179.7016341335543,2,0
55.00212590582958,6.5784530460303605,69.8564152827598,2996.5105806971887,7,0
77.73035290847253,9.994137257706665,73.44623358772088,896.7800514462049,7,1
42.49223477142225,0.4821203886055603,44.091847547570325,3525.6957278528166,19,0
37.14272517691164,9.771741842213173,57.659642028502304,2275.859958668282,14,1
72.11594769136761,4.069079607228706,32.762167302362954,3338.8029580157645,3,1
33.41575031116716,8.707534503372592,63.28822262407787,4186.835398850753,18,1
77.79335236643668,7.823854840582735,68.01172087703642,848.6421428846159,2,1
20.72926848138898,5.6701626098666775,45.94248152722467,95.72433998418339,12,0
78.19272960245834,7.384492092513265,97.48201930158596,3895.512931978934,7,1
22.589594717034565,8.78515561301348,93.66182276560694,3048.48712576308,15,1
73.46858682188426,4.0414032165103295,80.55002648191342,3498.1978481106084,12,1
51.66206654517799,3.270331615632387,67.33706401357537,4190.774874943213,2,1
79.57788776715802,6.675933855635847,90.89784117533794,4014.0546741225025,15,1
24.427793884123933,8.078459419412585,39.1456640676424,4804.600734644123,8,1
53.231257064079244,7.622851347766158,85.33568559924194,2679.675394260591,13,1
78.15815213714595,7.978136488586345,38.73745697767938,2442.478163299527,12,1
51.38587065020893,4.35583314812933,85.59474637845838,2009.4359994536503,6,1
57.763918288115754,8.178342161750216,49.30372977759499,768.4552142210227,14,1
61.74492133907703,1.2020905537060844,91.39634067127322,2863.036164410112,6,1
47.27246388606639,5.444890979608496,96.08294656777785,1385.062621629894,5,1
57.6534848050438,0.057586604981215705,40.41571785835809,4606.537561064877,1,1
55.058858715386016,3.2458582990027027,62.387292354577546,2915.954021385488,8,0
74.06948062945935,3.664615348713979,98.66911647138795,2964.200902540551,16,1
22.726782820487472,3.961726916092554,63.83852051812026,1774.62330438505,4,0
36.85779137553382,6.954672066898622,90.44832657601816,259.94675988853743,11,1
77.02468904459352,3.885581012703457,71.21120654919238,158.71882686494308,0,1
73.41582703345497,4.486936226225307,56.27309355437213,2116.6757207659875,9,1
47.33940516714277,2.375441308743275,50.00484888681092,422.82689048618926,10,0
57.207955868092206,3.732517916293401,44.22561637602611,3034.2347777006958,15,0
36.64287097886796,2.2726962726315145,83.32587339643881,4404.865028198287,13,1
31.28726958342568,0.7319592376844364,57.05783547761195,4414.574082593611,7,1
47.82190429639893,6.034485933813779,65.78928235405257,3295.227050661162,16,0
41.20113368156317,6.682127985550163,64.46278360008273,1056.1591573646551,17,0
55.01936671105233,6.194903460096145,70.40953204631919,4314.98415679436,11,1
24.66407821789909,4.6349404380057235,90.59040019371866,4430.4671765660405,16,1
78.46368845996999,3.797857801792298,98.65175405084005,983.2679247647935,13,1
79.17264466877617,8.633336495718252,58.53089460016719,3687.130428853386,15,1
61.88970284118471,5.190817851362181,87.92632454744121,1432.5977446356148,13,1
52.165781980647225,4.79181877629731,83.51694562583023,4013.2015617646484,8,1
38.571656977179664,0.2564206580643569,70.14702660189013,4986.189499518014,3,1
68.82770118241692,3.4124782762615635,96.92330005283532,150.13002664696407,10,1
61.083870353232754,3.8019561878585706,44.0332160869882,4486.82932895466,5,1
29.757016360693477,3.988227808969005,37.6484947216735,3113.1526679932904,14,0
74.65563106963054,5.801723692273323,89.77733768687955,4866.913095824106,4,1
69.35223457539014,5.336025467268785,60.74048716436238,2325.047587632138,10,1
76.98799479751544,6.079050927934446,89.28781979449423,4236.939652856869,17,1
63.543170503301596,7.6488326154212825,92.51631436367904,311.97034299138613,12,1
56.80491175614739,8.129857387160936,34.372031553335,1676.3952503914786,10,1
45.09458217743713,7.181230762264944,91.84253340902424,335.08268875604983,13,1
75.9637090012408,9.555236959549347,61.38233387585955,4876.715667395352,17,1
71.9638333700245,0.1823258267636163,65.73027423029626,4084.8695363591837,18,1
22.713120206371364,1.957779856835461,73.86147577652471,4262.7371062298525,14,1
21.58201846983512,0.0756287497814212,94.84678247110607,4689.826157169471,8,1
42.58780201268297,6.47474714154603,31.33812661008348,425.51743059892675,7,0
68.63319984690997,8.98030548949987,63.3790427822472,1927.9879625666667,19,1
79.23656775889667,2.4348229657629927,78.14054297013925,355.1744452200106,0,1
29.02501346621169,9.270345447963066,80.589487038876,1053.9655077501432,3,1
55.64784292112811,0.6026739028956085,78.47727020759756,1146.8288851883617,13,0
42.85345139786129,9.344360268055143,39.410459058568534,2345.5360552378934,1,1
78.19486386887618,3.516226872396344,50.95769118601768,1342.810837268213,15,1
70.52713538814251,1.0142082844921652,55.110086779190944,504.89053408880545,2,1
70.29972228266827,4.858717591863257,86.31060453756535,837.4554454705385,7,1
48.12158958769822,2.567765677205079,49.51319106901871,736.3778177604546,5,0
44.88917014025991,2.8487290196192285,44.74934747070422,4865.383989561491,15,1
36.40442431584238,3.0728996492628657,97.02136133266673,3796.4625345923682,15,1
23.382529799055625,8.030258978326634,30.62042995794282,4838.80732634781,6,1
71.8833425753032,5.391612766752544,99.84745989773847,2198.7024325395428,12,1
68.77406054780465,3.1130769915600363,77.37749092001769,1391.842408313283,12,1
79.98306039716783,6.103337833109183,87.9928509614382,3991.4659860459333,4,1
79.79821022443431,7.161506742231936,50.62335774423352,1631.269590205734,19,1
53.32590233615765,2.7262400073353374,31.0020694366942,1496.9168685267414,17,0
66.13924491083063,4.135491015253515,81.6508662993071,1162.529961039156,14,1
76.68594379294568,1.2188609333694755,88.3901217900473,648.3948911211768,17,1
70.97884344064468,1.8114934953468032,81.83332923674634,1282.3153050838298,1,1
34.84088610459186,6.811178539649828,39.9995201110587,1776.5987423694385,9,0
47.03264811860561,1.8143834769562694,82.73995455798783,3369.971040728652,12,0
27.7495649090897,5.251633836670601,83.82459474753486,312.8242110972579,17,0
77.24306163552333,7.090462617224327,76.09783609690385,1052.5346983267148,14,1
56.3704780670528,1.0687692309474384,83.62811529569103,4045.118201458382,11,1
33.71856833020776,5.673122196289036,89.21450077744126,734.6096179188538,14,1
60.30204106435141,2.5656278370136376,72.95228799662209,1713.2257326126078,12,0
57.08769442747375,9.629268752375799,36.20232997787753,4323.2946092907005,17,1
41.48976308197043,4.835456467199247,64.13394667670477,774.6265557172133,14,0
26.81345553197774,8.059925497751582,35.435453427012355,413.6841780909495,10,1
60.29439173556798,5.502265421562617,58.52801217227016,2422.689975400054,18,0
51.2184620542276,0.43412532854819164,58.497454238793935,1512.097556392682,2,0
66.33910350413836,6.3315137559402235,34.62068908981691,2817.0418224192704,6,1
51.209810066719605,9.51403342206657,54.41743737786355,4019.024452417376,13,1
71.1308900191124,6.016118201463312,37.769866915392036,685.7424407637159,13,1
53.114410326469134,8.191888594267901,86.57646470064554,2903.4954227714247,12,1
53.656278292123176,8.842064633484078,96.33816181751295,2527.5438019493195,11,1
72.5992161595007,2.2807977194893247,35.0621532680557,720.3939300659978,8,1
44.208971972743825,2.1204483990822665,96.8580645104191,3119.992427644912,0,1
28.04091370703844,6.1098098885099175,66.58036195357215,1368.2020893038582,18,0
21.726960578800337,4.110284698067047,50.96959745677117,2439.1715927200626,10,0
65.30823534041714,8.398613028667203,35.38034526933144,411.36162138530943,18,1
57.21857308120788,9.000231233980111,65.04369876492925,2297.9202860681153,17,1
62.244786085953415,3.534213793027181,85.61608811435241,1532.3173402141017,11,1
32.777849690534644,2.3687055897448204,79.49605340866887,4111.906055926772,0,1
28.182288535206187,7.805255152438618,33.51582080247816,284.8936349868414,18,0
20.872679940072917,2.748060355481361,35.103128475753245,2093.0363745916497,19,0
41.03525352839582,8.226143185136785,58.201129784284596,2292.15712065719,16,1
55.395061211277984,4.237382536487628,50.67033458335603,3625.0303814955937,4,0
43.53464270598394,6.675498992914704,46.26690261392335,2871.437875451055,2,0
46.248495321423746,0.9553531383466818,49.67031492360995,3336.0616859709053,1,0
74.2495216696249,6.23859324676573,86.24379203078192,3885.2464282587807,2,1
40.89532802139802,4.517676787372292,95.04596375422977,4311.014868290944,7,1
50.83936934958865,5.866084631754741,58.35718861692965,1569.3774836123525,15,0
67.01918076446859,1.6801420774486342,93.42777014927479,2690.113526819515,5,1
43.79256693927621,7.368737449441821,52.50469908735174,4200.540392196,12,1
57.32520201367241,8.627970775432285,63.350589044065416,4947.255654825282,15,1
71.74182252480472,2.1673980009077565,45.82202984711998,4447.596555218815,15,1
76.97123741945853,0.9571455552016173,74.83332295230908,1857.336313121884,2,1
28.824408855742277,0.23638586046336396,98.52867806223662,975.8325860932521,12,1
75.59525750968967,6.4197150044326605,72.2445167230365,2446.9626870329434,13,1
49.52697758477229,6.070940360887808,55.04698588794842,3708.207259180211,7,0
35.4946632979375,5.4669741271407,75.34722121933699,2462.8453537664877,11,0
47.54814537429568,2.3194709611597544,38.60444749257713,2415.9043165683424,7,0
78.80195451712862,3.9090599590551465,92.2061356185779,4191.152105409003,8,1
49.55708563957218,5.944763351861731,65.21587655458855,1807.0188953359318,0,0
39.72509661725049,4.967668588591694,61.45448194277495,4298.973374058228,5,1
58.004051259003546,9.877855202148872,71.01053519174634,2034.0240047586178,18,1
34.408737126691584,1.3643975255673313,73.73487039525817,1641.165528391697,10,0
24.551799686519836,6.951445540475937,35.02430643585591,2269.949555998495,10,0
27.732783314638954,4.043187681042921,77.78320548563818,3812.234793374342,12,0
27.682750337466345,4.281996149256147,46.935217622087066,630.0101393199714,10,0
29.11416161073766,7.175977656581763,79.97668427546128,982.096079360087,17,0
28.329630358964607,6.924361513243697,87.57743560689377,4757.22412831546,14,1
58.452484688192875,9.912559937021882,86.27709552867643,877.4581369067869,0,1
30.91280506394869,1.2839428945412523,68.67506771855224,2838.636589655273,6,0
40.740036999431794,1.0410964938416634,66.41189246175259,2896.5723333096894,12,0
73.80730459436072,7.243388171287411,40.00131729375882,2448.122310251224,11,1
48.437698415772346,5.783869170064091,84.27423052821949,3223.726242884093,17,0
60.05346431126163,2.7416066655980584,48.99865663127001,1149.1336289880921,18,0
30.33919227209779,0.794193689889866,64.76867959725627,2763.311338883741,14,0
31.537341128520247,0.8565824959643054,49.89918650492617,1860.8662762344857,7,0
22.45211697598873,8.941908746641182,39.367985409978516,3308.3362981459454,18,1
30.136103784329872,1.918673247187429,74.06903878242156,706.1177168657473,9,0
36.71542034191752,3.2337156211552074,33.80324243760327,2854.3870841973812,6,0
30.62062905660481,2.26656402226988,82.405166388834,926.3517769166185,17,0
25.322152025423335,3.5499630583193733,52.231075668278166,1393.2153155751819,15,0
27.23815226603605,0.6942384274609337,30.009428510313974,1093.549001617916,19,0
47.64672608196355,5.190597909082704,65.77903974660609,914.1888993440855,5,0
32.38002310434755,0.676125635922149,33.27963359693222,4128.554757803335,8,1
41.85619166288453,8.003565078223616,49.33186904746296,1428.5378383044517,12,1
50.20503625129142,2.3371208191043302,79.48835412190013,4635.6189093222465,7,1
61.42368971776192,5.400119146045106,34.38827351353061,4849.632626725955,15,1
22.358728390465934,8.800790875614583,88.75369446492016,2856.3023496854867,12,1
67.96462393454256,6.5087736904719415,30.267394586100817,715.005613328632,12,1
57.67402336945447,5.329577865513353,47.277670844133155,1872.7412168979063,16,0
24.905541916932314,3.243337531153756,81.863283930645,3988.66131674107,19,0
72.41471744640663,3.330019130581979,52.138910481051475,1836.9536434853524,4,1
75.25234403190879,6.694869551981901,37.13246716462095,435.08609151394376,16,1
23.664677591291824,9.941393612211675,55.216374316029956,2783.9245546409397,8,1
36.61265888883222,6.618391898493786,48.927530046916786,4225.604257480174,1,1
68.37207678758368,5.577834173700249,88.98983315123884,3979.631935717512,17,1
64.89558142301951,7.306505102392461,51.93435423096002,875.6157006517662,8,0
31.07126116138264,4.652056122837181,85.2252730243205,3363.8230720623337,5,1
32.56095940020262,0.6014234260078521,92.43105013675142,1102.5213171782354,10,1
42.22832616748292,5.6229681587790985,60.36721937035706,1091.0376727608611,5,0
49.07137911146128,9.576252845053801,93.69602006980745,4370.358866525926,5,1
57.09528629181776,1.7530294235765964,56.4122637774235,1248.3447637011507,12,0
42.134818374186345,6.900048908206657,97.48548915430757,1316.236732590056,10,1
47.75208296798887,2.0093368865905648,36.25026671679011,3.2669538064977743,13,0
64.8482562880254,5.3582768447308124,78.091348655227,4353.345170627588,1,1
22.200992173435875,0.9667644964671962,64.566982831985,3962.9740660456737,7,0
35.146216660641244,4.503709362581851,57.1354163818953,3136.64467545339,2,0
62.800975153073146,7.561633288952461,74.28983151240206,3751.3288196942112,2,0
73.71241026123195,3.4757152423898208,79.26999641440318,760.242837122459,0,1
50.70064652693996,6.64911724487218,30.305428875521635,2291.6179729378773,18,0
51.92680911591894,7.954499607897292,41.68671621230391,1756.0969367439045,17,0
26.430320680386565,9.271778194794527,79.91322354440231,468.8826312850824,16,1
46.84474200940728,2.3464208185545354,76.64697895047445,2430.6524260746205,19,0
51.95703598730139,3.993159158093081,97.62332535900741,4603.698251713177,12,1
34.54823021808378,1.5241601333041743,83.2726453175548,200.2955952534724,2,0
36.15459385696286,9.924835021583752,96.55408954119366,1457.3045674689695,0,1
42.63704978627736,9.270009679242953,79.1778351074365,1037.7046810285174,3,1
21.204271866663582,5.399571302805596,50.863654604761024,1190.7332683284817,12,0
39.3247499349907,8.420332943764212,37.375544557559955,4542.172759396876,16,1
32.68688041979268,5.209579772720422,84.7276704341455,2340.345271171451,10,0
39.64984113067488,6.2358568800275975,75.09044550331411,2331.497064699094,1,0
27.185727909155073,0.8912443211601662,33.373020867530734,3802.8782122764114,15,0
73.4316368443937,7.552704204968079,55.20353261306848,772.461020024629,1,1
55.61554721324292,1.2771348363523483,96.97598708390004,2436.326770500254,18,1
60.74613914866938,8.260676302525283,65.02808019971408,2149.9260706052987,18,1
67.3502743164403,7.820280876703859,60.291039521379325,2984.5534527332807,15,1
49.90653193574344,7.087446977429765,62.03897236115058,4997.7885162521925,18,1
25.215217285245423,0.36160380524762115,44.62179068036146,3847.2444704102354,8,0
52.22639250911287,3.031283559453286,55.80950196053567,1989.3285150871359,0,0
55.210467081252744,2.631125699108429,55.88692791910236,4137.765261370235,9,1
64.7263684510598,3.6013640747151907,33.66485141312307,853.5418165624009,18,0
45.89957277378076,0.8764274676383854,83.72973399625428,152.31843154480063,0,0
27.654818167733826,9.369578230310628,59.15531023327153,1022.2418623213653,1,1
37.026554347923465,5.538022407123763,87.55259207714963,1702.0577805712983,15,1
41.78493778391811,3.0552431065802352,89.52436007839268,2552.903787297799,11,1
58.755034479896075,3.969815170742834,44.839583828906065,3075.645702705999,7,0
54.246698280134716,4.472025405048356,76.01474375190901,4553.028586072109,17,1
41.36580355387078,6.005943333606173,63.05972629140872,2549.2700477522885,1,0
79.19091492757877,5.156794276964978,91.61097165450396,2506.378223128647,12,1
56.34648916141323,9.193919732144174,45.10184754235179,251.21504911491067,5,1
34.233607504159664,4.969634829058302,77.4469240217031,174.55776328111904,5,0
26.106948357224226,9.921580148233126,72.54264855769058,2755.7998095818602,8,1
29.171548351059922,8.514249577450958,50.671103430028296,2190.8930662417224,15,1
34.757463703070485,2.085105143573358,39.56206325558208,4195.901974901493,10,1
29.640882395573342,9.305952146439163,75.61478323340936,803.3979235592259,6,1
31.194021443078345,1.163663978854761,81.70182206926314,124.85831058524799,9,0
37.10571012163082,8.174497084911916,52.0939140634345,2245.1938396506293,9,1
30.40241571768529,3.806232934765801,75.13828228156197,1187.3927837612873,19,0
73.8059254775855,8.779743204450694,57.65916353280523,248.07186669418724,17,1
24.81402473969853,8.680566901074503,79.92448182978325,3622.991434238145,19,1
51.470683374215284,8.059254001176212,43.94506924258371,557.9649997862374,8,1
44.62380961937969,7.900304363070614,92.3150501845322,3041.5975000388585,14,1
78.94271701451638,3.046791390980408,50.118671752590586,1405.2487508344457,3,1
26.72233413008314,0.8091928305125218,55.7450191429307,867.4802517751101,7,0
43.871335942744494,4.029801787651614,34.066436645624485,1898.7576145965872,8,0
78.16822599652212,1.7352451498650867,37.80585486248935,4007.2288811147682,12,1
71.93042755363882,6.9495108890246176,66.11033318986297,1960.4678845228634,8,1
69.02432425695679,3.4609972653778556,48.73148737095801,3753.8482460552787,3,1
35.474169622696394,9.756102008599148,88.4836158019536,627.4314839957534,16,1
30.25325524340395,6.40972077345332,31.028537205846767,3863.857098325396,15,0
60.11859319546586,8.224805636343609,56.536583407035536,1184.6666245332433,14,1
75.76255934765516,1.3252467274184843,53.61418827383649,3386.965649444364,2,1
53.405773580835785,8.620144822726225,31.35293416423207,2828.9077742049817,19,1
54.29676136819399,9.227571905133944,38.70578793003571,4645.723586058437,4,1
36.79874561961705,4.870619188189359,58.95498724430447,1936.6125898765702,4,0
66.16957599151621,6.062529377509774,64.50052091132127,330.82594417220224,19,1
31.2226249134514,7.648098009029955,58.30028230784084,95.77742775626452,14,0
39.42075418425462,1.7483862726041255,67.16563748884657,4134.292804863766,17,1
45.526186316985005,5.0256607646344245,71.6592172433977,2623.678188307161,14,0
50.456622721067305,3.986630277723131,30.694667478948496,3876.2202591747464,1,0
34.544583944904815,1.4637399216224911,62.486661161745275,1172.1280000575734,12,0
26.890209484352212,3.6753442229153146,97.44494686213118,1725.4187275661686,3,1
56.63720254649795,0.6817230938549357,66.33225960906842,150.5193610565947,9,0
37.31783319441534,0.25811906949486985,77.42795872212673,4807.461622870561,12,1
54.874293285356735,1.3516628915482276,51.83047005418182,3339.3395335040673,9,0
29.26176291645214,9.631151115891738,84.17939647069338,4666.0254387965315,8,1
48.86840611128905,5.49529535895017,84.10450373132807,1327.4820371453616,7,0
51.95536595309515,9.6582216115322,66.49072333578972,3057.3180561283043,2,1
23.109412209345614,4.32497878330132,98.32096762954495,3392.499841463189,15,1
40.196256691635234,3.1181613308525957,38.788515033385735,1587.7485012879422,13,0
28.064880616338456,5.061418628402441,31.18633654227067,4240.546175078151,8,1
23.802498228366066,4.3951168863291015,83.91107482299671,4735.8073145012395,10,1
79.39761394339672,1.0566468426174391,86.50088761554179,4424.275588480022,2,1
39.34123069848338,6.408263146902062,38.41450603844034,3695.3348796968626,4,0
68.5924667512781,2.160381825095996,48.590798307102425,1387.32339862477,9,1
35.27843928582583,6.195879548978295,31.228665435664023,1408.0802105281587,12,0
60.89016333343576,6.502010923981533,50.53160275463953,4816.80160223019,3,1
65.61367159338118,1.520248531286481,84.119931174307,51.42247967846014,12,1
55.738324436470656,0.6134962711066816,66.25723693988053,3580.2498662107223,11,0
48.2945713130095,7.807615860684399,54.36669152178017,3531.230812776311,4,0
44.71045484883611,4.5980042376932015,56.02175064344312,3113.4477047489872,9,0
40.93209599257972,0.5816379550547579,30.09475380008277,4950.544230434329,8,1
75.77174865486955,9.948663171697671,50.98603692956651,1559.3971788186261,19,1
69.83716446726375,0.5778056099636664,75.25211191465513,1699.8593189662408,6,1
77.90161463999075,6.950352288585532,98.193611067145,394.69701473277775,1,1
27.457833409132682,9.836789252634135,89.29425788887296,2213.9906827186874,6,1
63.85204851221866,2.391801042159256,31.651647525187038,1305.2426311742404,7,0
76.30042740926227,1.4224936868719618,92.89924232723875,1716.933510888221,6,1
30.87398396993961,1.213849394224289,84.82388893090382,4172.858951278138,13,1
23.98977604200665,3.0327514756759557,84.62632864996863,4677.422567637479,18,1
64.46723895740354,1.010458110106467,62.05970313025,928.6653600259282,4,0
54.46838679079471,6.9216134169413195,57.8603705068152,1862.5446577673295,17,0
70.50972660549633,0.6229179813006269,51.204101018323485,4643.15281057697,19,1
28.386342597577368,5.094221281497897,34.598640126805606,309.0423034461132,11,0
67.71603871159341,9.966968538529768,45.976475444558936,461.8026405568926,16,1
32.09763920286467,8.139702695060189,47.262254448461725,813.9549460311468,12,1
29.819356571942272,6.152194382310109,63.88539487971411,2976.0641706343736,1,0
29.855947875859577,3.062536207866117,82.32110846176857,752.3613550299874,12,0
68.87448321388293,6.238958362916385,63.166687987856264,4840.381907253667,6,1
59.91183324177201,5.270414639116517,34.049111461301244,2233.5726362926016,9,0
51.38392548614716,4.260833838903714,97.04528606917427,2507.589801750832,5,1
41.529829047410146,1.3071037674019947,95.99070233658786,1233.2930790270325,2,1
72.6320324487865,8.866042152404667,84.9632680203886,2354.8012621736675,2,1
43.546706445358126,4.497846488213225,99.39295310949544,3309.5681631850575,17,1
68.99596636829463,1.9462251182076507,68.1137632960184,3755.8856847702136,10,1
46.3480945142131,3.677593508772896,97.39378451772443,3769.3404135495653,19,1
42.61666576549445,4.1412975252892705,35.29235284317255,2889.4555634704416,4,0
47.76078714017639,8.275378955668742,55.59765237829599,4521.798874969286,18,1
38.08267244984852,7.336143805614021,45.776688760473604,4087.039236530547,18,1
64.85656281057507,7.693048936413398,43.708315889398904,3785.240573493127,14,0
50.16322340554875,0.11031264428647214,39.856206422487325,278.02760840230314,15,0
33.93276170880904,4.161539981797615,73.56895490961976,34.38981109824657,8,0
73.97447439647411,4.813441516353237,84.69252990231135,1062.2363859773648,3,1
43.033473282392684,0.19192276823056686,70.48088795942525,3317.6179695672613,14,0
52.613171666839314,2.598132087450342,40.28738967117468,2055.987444412729,11,0
74.38832665787282,7.60289823122135,86.77866389534296,2012.0312964965588,2,1
57.454279754839526,1.3710970572899905,74.51682950146099,4422.934441148069,13,1
27.013882442501846,5.353101314525917,57.171599428889685,4477.814240659193,16,1
76.3899274168085,2.152018720172375,77.18912068752441,4545.876320267928,18,1
57.66248318428507,0.12120774643893273,48.193348546998294,1569.3903825751365,5,0
40.09433687942517,2.412014575995415,54.16345459459474,3455.2790636963086,3,0
28.356324359803235,9.758737549100537,94.22400901923932,1358.1659063718482,6,1
67.64151135621776,8.015371118829895,50.33531539699943,953.0491653722489,18,1
57.20436535571081,9.595766443210334,62.89917877105556,923.1622867368461,16,1
52.007665518579294,4.878540439263625,92.30987961772102,1710.5381043179702,15,1
73.63355498305745,1.097361986775035,79.54049451872692,2149.7880988991087,14,1
67.31583267347185,5.47959488973693,34.35422583152919,4154.7458552753415,7,1
29.10049278396507,4.543773345599609,40.311213099527926,599.4554673635605,18,0
38.70332406773289,8.44357082739616,30.54891135403418,3674.629236974471,7,1
34.90934838886794,0.9808258078424459,74.16452531604143,2657.2745709465266,17,0
64.63677755436062,4.882411370217782,61.33713977872928,1439.7267133799623,15,0
22.011946084146764,1.5004866469398426,39.399239563159284,2464.097922664123,19,0
54.19338109227899,3.2467592689005995,97.05538847397393,1499.7103488851133,18,1
65.74752114444144,7.373570773877996,67.07618067619339,2980.40977619153,9,1
72.60593820570497,4.7601812936876655,46.93253058790224,2169.219614276221,16,1
40.52490492295445,3.7588828514576935,65.04224998082952,822.0276453943936,12,0
69.27543828032077,3.944762785700353,77.57342329145754,582.9153727784836,12,1
26.637904217312432,4.594467684059866,35.33674525814951,2733.4784103606507,6,0
70.7871375040711,7.850165438370569,49.22926705335244,4512.065166430517,9,1
27.649319739918944,8.920846889402345,86.48758436187956,1719.7884327884278,1,1
43.837237433622036,9.553346865039282,62.176540928186284,3665.000536113116,3,1
67.83772194677321,7.869033862552951,68.26039994226065,3293.306774698835,5,1
28.995045640926428,3.1540689574801273,60.29712015466285,4657.774571547405,17,1
33.75508371395849,6.881347060865421,33.07299598501036,4104.905086495704,5,1
63.335154103583974,4.376031240553919,41.60248458741091,2833.026294527315,16,0
63.202192192764464,2.5467062204605115,61.187914711932365,3285.1524911705365,13,0
58.468857973117835,8.408715794259226,44.64298257855495,4491.932332920174,10,1
61.636906668026,0.38426348962324997,33.49853200617751,1997.593922934674,18,0
52.56346660085577,9.017619921354235,89.05547648362767,1633.9735292888868,1,1
35.10794353441717,4.614774646247342,98.6834770414881,54.05541817598169,2,1
40.741759610235164,6.3720147680828045,85.52000117977175,4132.755370957321,10,1
30.89586300808554,6.593539222057827,89.76494451932669,4004.9035020168244,5,1
74.5070336800177,8.951177407065364,46.938399122193175,522.2725905007569,13,1
55.00350768596723,6.366696821672074,97.24388828592399,2884.2869056635013,18,1
44.05108500581839,6.139335847600618,43.78479931173999,2319.908490834437,15,0
47.720348218647956,0.6665204056068996,96.60008672532825,593.5454775455573,6,1
76.83700037670891,5.18408021945204,99.63735057761657,4902.841135303618,7,1
29.201084186964813,1.5016900081704165,79.8205964022234,1073.4794373167772,18,0
55.17378992100783,7.374337687214856,98.68006122542754,336.1709004528057,19,1
50.35332073306796,5.122219208126745,69.86778456969725,2974.236897509548,15,0
56.68725412607887,6.802277792083533,48.16792482232633,3694.3333856651634,6,0
21.08661102925043,0.41672900602384266,60.589711996593465,162.2172302359348,8,0
72.3274345366491,0.8479201604580322,71.54926547651502,3293.5881936351107,12,1
75.92709694901674,7.163233880626823,35.11570934189105,2661.459379757272,0,1
53.907991015352536,0.7208433599867337,73.56402852320723,516.3250443752421,7,0
61.799049432613536,0.712567277652586,98.68244857336062,862.6193847318103,3,1
75.34996287063774,0.1210847523488745,43.307535484860935,2839.8714865804027,2,1
62.43431805880392,9.5650139829948,85.48165814018682,1481.788067566442,2,1
29.15234257485568,7.37508359459007,93.55291556457335,4691.57864325658,12,1
54.57730161000879,3.5325140850206416,96.05911149741546,4093.701147420254,7,1
56.40290278297135,2.9653558128765525,97.2094923083813,4917.836032568315,6,1
45.44784027814316,3.4970322974584955,66.50217471050303,1298.3541947520698,0,0
64.18665413748337,7.746535311811819,98.41155355940526,4848.618163989885,15,1
76.06202088614089,6.613706110704144,83.01171449941072,2156.169348957789,5,1
75.53411077440657,1.8519556786746794,41.31700053658733,1737.593976568773,6,1
47.050362284247925,1.7410933533408435,63.3830074527579,251.7476348467662,11,0
26.794282750445316,0.9839564971339732,80.28318227604028,263.8262892980131,8,0
79.09047193774008,6.603027197013382,47.31382210733584,3460.0562797332736,10,1
70.33388518675605,7.643726622217359,74.84306284842211,2289.6449721701397,9,1
27.47976087219601,2.6504642832500402,76.66203353326335,1132.6081301805286,0,0
75.25051295704233,0.20944961030912812,41.38898206659961,3069.8515316261633,17,1
72.1937817237277,0.8217166747642735,69.55597187169295,1264.290591250556,3,1
51.13028342756432,9.678600348450304,84.01388376850254,2888.158771722113,4,1
55.476526144695754,2.9544477747742026,64.92269651751593,1796.0437349134518,8,0
43.94016223220781,7.692231478381336,30.84721817432752,4117.761133059095,16,1
23.28569832932188,6.2466356885426375,30.63269283555045,4103.480803833897,2,1
40.11183449875406,3.8193963965289592,54.99205407790085,2386.7519906120065,15,0
68.17120691588069,2.0568726219555513,94.83358479022473,1754.095546675078,4,1
20.277921380276172,1.2138641815940643,46.007374572252616,1812.7989827954727,15,0
40.00995030146865,6.150129680388666,74.40545822101811,4028.5726283410895,2,1
43.8901216154566,7.74633780637788,45.54531094853244,1640.89741398806,19,0
52.24373617627537,6.439042535411307,52.5168992761684,1045.29686853423,14,0
75.19133698476563,5.303021332491583,89.36294627210387,423.44170937653416,2,1
40.780759661957674,0.41951223431636264,81.02030095889629,2333.465604422042,19,0
40.81719211377366,9.684887775943839,36.67794941192474,2410.6604945992094,13,1
64.25007488658491,7.987141916545745,60.00914146905035,4204.543552014536,15,1
47.133076453388426,2.928220367009647,32.04188345516852,1106.19348223032,16,0
33.47628937639892,9.799703293588507,63.66231026221063,1904.9563683419995,19,1
47.1463709679616,6.018815896363221,76.37038081907477,4042.028694468455,17,1
28.451421222787992,5.824226582072464,38.29518365187061,4118.118053744867,17,1
30.5832191903734,7.4807317942953215,50.221945723641596,1923.055379893841,13,0
49.902066364368785,8.117697880901375,57.848563785150986,2295.6201164334043,17,1
45.13552697027288,6.564786073315027,94.36717172592348,1516.4294542464147,14,1
74.890754064086,1.2809574636620003,99.52785107960749,4662.77439209656,14,1
41.74363394699799,3.382675059944984,33.14379092969311,593.2188287079016,5,0
54.83530101668261,9.280836403260498,83.27055464467745,4668.74711500735,14,1
57.93585727517182,2.2461561184385195,56.02068464816402,3419.332259176716,17,0
20.785667395300017,3.7216702383751334,57.472073036063605,2657.860763433656,3,0
59.812242321002635,4.32076882944196,82.7985481342916,163.29530392247938,7,0
30.682158012185084,4.394049896944522,94.2898502501786,2377.9809591100416,14,1
77.66421904816731,6.129395824945255,96.56500161517839,2038.7405250136615,2,1
28.919763665186778,9.430758377447075,70.39858102268246,806.0940598756127,14,1
44.87744742362142,2.40692711832505,54.99848115103519,3282.0480175032844,12,0
25.12098008471863,1.2150137630091806,85.12843601011454,4855.754536841429,8,1
79.81245511075684,1.9747048985993731,47.57009682836102,2810.9440553226254,1,1
50.13170061987455,8.869249002092696,69.48518201834625,3573.766382219729,7,1
55.723101039202625,6.458108126552061,55.10049230674112,342.2522628300839,19,0
24.02458864330565,2.859067892391601,75.96417515955133,2088.334979084974,16,0
64.99762822395067,8.159469389686173,46.82792390254548,581.7924258224793,12,1
32.594335585735145,8.61369996363436,43.4115062014378,3063.979177682552,0,1
73.88325736644282,8.465143386902781,94.2767360672806,4692.410791070773,1,1
32.308378428920435,9.189265336395545,37.126257806467585,3308.8886623581925,14,1
31.441263239819996,2.522410201733616,65.41705354144521,384.01524157210764,11,0
22.192980070885692,7.550419287462783,45.45969480741063,1773.331024925414,13,0
48.324016706599956,4.6053949727414,32.72509743279672,2753.3168972042577,1,0
53.890467995756985,8.419985528900614,32.52131728039985,2016.0387806662611,17,1
23.94251836570114,7.284906771616132,42.265524047407915,4168.220052375862,6,1
66.53165700170064,7.764474464997246,90.67392481542001,4073.355023549946,5,1
47.197330084881656,6.561618376810715,49.77351207839187,3059.1551005161073,13,0
51.4634161596548,1.7742876946970687,96.5321419402707,1867.2897256635263,7,1
46.44576481629369,5.450269188969383,70.71356050924355,1276.6818688162207,1,0
44.04578365251956,9.846697395245082,60.562993283813626,529.3715910656466,16,1
53.57841987849307,9.373880664971189,70.60621842686183,1774.4884174327701,4,1
29.31441475584275,0.4317373579701167,66.16888696583874,2065.862586038598,13,0
30.91568782971627,1.6481481572943713,83.11433776301277,3379.114625520368,19,0
71.70713726081104,1.317287734545619,49.774724618099654,3290.7991214878675,2,1
76.76692772801796,7.259799099852955,54.713527412021165,350.54069820628473,4,1
42.398558976785175,8.17785329856945,92.58660117732755,1976.2965771557888,15,1
36.244680388613226,2.1351136631067194,96.25195592052839,908.8943360868096,17,1
58.639972594340946,5.05852692951829,92.4790759240532,784.0635265840284,16,1
44.52405026588578,8.407030280112,59.36135957701195,4136.51074868623,10,1
21.52318133962069,7.328015447662506,84.62558521048172,209.57608358128766,16,0
29.36915584197142,5.422372054918483,63.343501331076915,2095.9143795106065,15,0
62.958333730843854,5.903476904587729,64.82778965022715,841.0182788325909,1,0
59.53543651460908,5.0836054691628,44.32760763400988,4396.65107839237,3,1
21.62575955020901,2.9754845131882055,71.37912122809615,2785.2025663751756,6,0
33.318329715976965,5.650219928590161,43.029512842734356,1156.9031818842402,1,0
33.86448779528428,6.888853020500907,53.20952893470356,2512.136435831882,5,0
60.3135646159237,8.733229158608077,89.85211411339546,3657.431798515579,16,1
21.182632265261848,6.362913539792481,44.495306644759864,4790.590044597169,6,1
26.24651491907443,7.61121537043158,34.9810799621403,1102.2300212270948,4,0
67.99496512239136,1.60071634954573,34.83053148289714,4430.908860646726,4,1
30.712679723260017,4.6155747441978985,95.85491643521755,4671.5205708374515,19,1
59.16476647111248,0.09331619827093296,65.48443065732843,4582.102722660331,15,1
34.29096686280359,2.46678864521623,58.65884502719128,3177.071784309549,18,0
25.966483565560708,7.264617151130048,86.76150067055428,3149.1032721735382,8,1
34.590331459967246,9.918099513493635,88.50781495373613,2016.0531659191138,4,1
63.33601591133955,0.9917809958721591,53.25337231809232,3761.9894115189395,7,0
71.34178808637714,4.0149431586128825,78.55326402316567,2656.4700917546597,8,1
69.8131918740195,8.000709686991595,83.97859710963206,3387.1903561414724,4,1
43.83101177710729,2.0403563462889887,75.82554808061681,2142.2895192439773,9,0
60.08510819423877,5.550849493022863,40.61165523600695,3657.4823202156954,1,0
32.29905772494926,7.330712960296748,91.311815846194,4122.357588022745,8,1
37.588863815660794,6.159854502601791,67.73661869152062,732.1812830140806,10,0
73.78014911126718,1.8802473461541613,49.77306984590026,4164.64857787114,3,1
20.78011541064416,3.553845686857394,59.76597298063857,2701.482658951536,1,0
25.130511851268086,7.837917844853973,32.629976327923515,4223.329545451122,5,1
32.47317530876164,5.542265141320167,38.95067608556923,2156.508531705073,13,0
21.591932232429183,0.052296135429127366,83.58827253611025,1895.2024269151752,0,0
30.886126105387838,7.6099076002809385,30.00081443287563,4575.303662586112,17,1
54.98249365818153,0.3531135494023907,59.15960799376045,1255.8463377420064,6,0
45.28547303554988,7.457337827312322,66.57571267599118,4221.0616264307155,0,1
73.56030266461849,2.024805601652374,33.82440940006806,2420.102862547021,0,1
69.04661370430645,9.580734801193802,98.1154714080633,2570.4772127562987,0,1
40.509041101872555,3.679407513020845,45.82877318747703,1542.3414074474201,3,0
35.56540600587755,3.269316163380791,51.293910374539664,2865.2110030950785,3,0
42.78154449003601,1.4888805033244468,51.27597585785192,1626.0559813810567,17,0
55.417696550888465,3.0560421549021486,46.1291663482145,196.34707120826155,10,0
36.08381844937257,8.766507618282006,30.1031675460418,1359.9930267217803,0,1
57.44893447094804,9.963343376272473,81.05413558615975,31.895217032953393,9,1
44.56469913147443,3.683095305068483,97.67918498594997,4891.773935284283,8,1
53.12283085111881,4.486106309545425,45.700543829953155,4828.736049098738,3,1
46.167591748119,7.220709382027371,76.41330342623957,1975.7764873615251,5,0
37.66794557251506,8.861957804650745,81.93274288711007,3641.85427169823,15,1
76.9071984177294,5.930443341867841,89.38977653633674,1729.0304920521248,1,1
65.81634764958565,3.9152569817782936,59.584043790952634,3355.4657854298803,17,1
28.406790545987153,4.126218408486237,51.205163394830045,4027.1502152298954,9,1
72.10807855387478,6.956181464968068,52.77065938161218,4733.781223461204,16,1
49.24587189497082,0.032182636042786816,79.88349331689591,2001.06137924836,12,0
73.67313361364549,6.195893374598407,87.17456265539452,3916.4899147802385,17,1
67.99131535683891,3.554930104413574,42.71297774296219,1329.642253160594,12,1
45.512810268154006,7.941973312770843,55.96587057104357,4951.661518968242,16,1
21.348158499207045,0.9299063982313216,93.1358137724405,128.84799382175572,4,1
36.12064156309677,5.882022669483905,86.46854637863174,3017.6440325056046,10,1
52.498052879652015,4.809728898861238,98.94008819337331,3297.5299082566357,6,1
58.00869318956884,6.423255259052274,82.79737817774566,3440.227785370644,9,0
35.47326112599214,0.6485359448296835,57.523664071954556,601.937893945445,16,0
28.36136444436945,5.799837874281312,71.34464837962464,4692.648917365652,14,1
70.09581420795794,5.614845879595237,76.27099779731242,905.916395250414,17,1
79.06413084221313,5.606600944161709,35.49190714219868,3113.7670161992055,18,1
51.54141093816115,6.034876665964548,68.11478713727055,1113.3803956154247,1,0
30.30075715089821,6.764679372263622,79.65245799308266,1536.0820851063545,3,0
36.338439591162135,8.049889996807698,41.712491280074225,2732.2927086406216,2,1
21.103440592848003,2.6982072012821434,84.64422021978899,2085.9670928228825,6,0
74.85792839362995,8.250494101800621,70.86409463598781,801.1280048825314,17,1
27.065064973408468,4.982556822634536,96.65552499883162,854.6820121042415,9,1
54.59098853085521,0.7705827913433116,32.96956087448242,2090.723940813998,6,0
36.44331324123236,0.585509292439792,48.57282962888269,3786.414891377504,7,0
53.2506801509476,3.3423831869606078,72.10877155098768,4489.823234238943,5,1
59.08522330111185,7.8489697711146755,50.759193854415145,420.6383112969142,0,0
69.7845082224321,7.076809347409157,80.00969148498694,1965.5195377970053,3,1
32.3852763056362,7.886149646724064,83.13036977653516,501.2278186143831,13,0
20.659749719508827,5.172690564416094,37.17611748465321,82.96240316298942,16,0
28.213137804128436,4.401989979554905,65.96981249447374,3308.593413219783,19,0
74.0011185108863,1.4745252670628395,65.62233889137391,3012.247209832939,17,1
72.43340465375091,3.2819275360931153,55.84965391508787,815.0955690744311,10,1
55.844786130218495,4.340193661738753,95.30474037987705,1169.0641654653205,13,1
56.0310116260192,0.8860042967961723,87.92544239112549,118.53876822259191,8,1
59.90220047277533,2.2061195271121123,78.80465673367458,4174.736028472019,14,1
30.522276717406974,5.982252940637388,80.00286450144984,4873.452980242757,11,1
74.8647167554976,7.356631142391898,62.32013006691834,677.297683973454,9,1
45.12623149352439,9.983475113929497,94.46961647676031,1157.3760688264906,18,1
42.98831169496985,9.331133313435577,78.62167990772997,4342.047619734671,18,1
51.13506231697025,6.425651995351915,81.02867431590715,4632.318989780924,5,1
22.817958006503304,4.21248053294072,90.31836326511416,2098.1369140340516,19,1
29.977002125364763,6.361773647082327,49.18501125395337,253.11236134537063,5,0
64.28201698558223,7.85651618080232,86.49496327066922,196.959168464097,7,1
24.96792007550759,1.1833619092338732,43.66684220695444,2869.7493303450524,0,0
56.189126567983294,4.099048896962882,54.17393665714215,1964.4755444658952,16,0
34.72094658087926,8.398022856356173,53.49273179888899,143.26213788827258,16,1
43.35773684251859,3.83832951933044,98.49678278723984,2916.2619615627837,14,1
37.32162420624199,5.718722712271865,89.95760566235488,56.51268294511236,6,1
41.34036298789695,5.877693608621982,79.08189031131818,3936.859790746365,18,0
63.14275431105473,1.8447625313363936,80.89397331307731,1532.164113516858,2,0
37.8273029373905,3.622354416522884,69.34509560817997,201.2900150461605,10,0
53.98427841781383,3.3451128874193214,96.29634669759633,2941.7611049157667,19,1
48.56302413194598,0.26196708532064794,64.73811270176532,1988.4220721652734,18,0
59.820269921758886,0.24191763891355245,56.636239690892616,4869.002066785748,8,1
76.20978435948548,8.316970436757735,41.41247358521137,2720.993312518511,9,1
63.95432583261502,2.7307080997281243,85.03439565827406,1376.1959051850415,1,1
32.896422715445404,5.180787662388155,81.4110752452914,3547.1943231698738,0,0
21.87098810367708,2.9872557358877305,56.904852696689446,1357.4600127135566,15,0
35.73584265798951,9.406792451153406,31.763538977146055,4521.216457037825,17,1
55.70467584201529,2.5929675886577375,88.72981294026076,1873.6098525368823,16,1
23.08554880905502,4.296568127389351,30.799258841785154,2749.342813881026,5,0
49.781974832074184,8.727302504846019,79.25898457403358,252.8655191211443,13,1
55.81057093501335,8.419335667918087,97.91799768082399,2130.606189761154,14,1
40.05463344901765,1.8610141784627732,60.63629297037424,4161.817698304975,13,1
66.25473222474932,8.026433097957105,46.44813834971669,4028.2440268167097,2,1
26.39589518802631,4.581868867378926,79.34097070303672,1121.5927942676312,18,0
24.508266904148527,4.829688720853552,87.19896994109095,1130.3953550528133,11,1
63.6913253722162,1.3347997241594378,68.25012212544931,4086.526561066184,1,1
49.72947897237191,0.8060151375712465,97.69246926793024,4651.992100846627,2,1
61.30414378566416,7.279393069737652,33.61681051605728,476.8046063650178,17,0
46.089640316224774,4.964611523552998,65.33569188131696,2250.2931971311264,0,0
34.78412199434641,4.3685070261517955,80.2917763125785,1687.271394821145,19,0
69.14613906045199,7.295082286523967,90.38483298044252,4353.442277287197,5,1
67.96495273813875,7.6551289899110975,42.547892833545305,417.6245734000938,4,1
61.68178825126561,1.5890816766935356,86.0002437234577,1055.629712790187,0,1
36.32870823379776,6.102251494776413,68.68949530029818,3762.341687932472,18,0
55.41384001214523,1.3535408227768553,57.75875773929742,256.4692449060779,0,0
41.65843381640161,7.513750860290457,39.22005200053655,2462.6769035714465,15,0
25.494924399598048,6.569551562671395,90.57070312362387,2210.5351733986,11,1
75.03881452773456,9.56614621083458,41.00912457258008,1672.0058949437432,7,1
28.209117855137684,0.6895801635642118,51.68515014463695,1972.861576594619,15,0
77.01424122924814,0.5705472115125432,50.30318723737058,2649.7029346511645,0,1
46.76034637747735,2.8218707469320012,90.9989823933598,806.8367919419156,3,1
